{
  "K": 0.8600583546412883,
  "Phi": 1.0075263069604057,
  "Delta": 0.14746795231911736,
  "step": 15,
  "firma": {
    "101": 1
  }
}