{
  "K": 0.14428601067872757,
  "Phi": 1.0016023193132568,
  "Delta": 0.013359222805550533,
  "step": 219
}