{
  "K": 0.8727291564628215,
  "Phi": 1.004993967704779,
  "Delta": 0.08100809929767812,
  "step": 17
}