{
  "K": 0.8953382542587163,
  "Phi": 1.005513770645639,
  "Delta": 0.11017551638692269,
  "step": 11,
  "firma": {
    "2": 2,
    "3": 1,
    "5": 1,
    "19": 1
  }
}