{
  "K": 0.5402332203123783,
  "Phi": 1.0056931234809563,
  "Delta": 0.05019036015369318,
  "step": 72
}