{
  "K": 0.9509900498999999,
  "Phi": 1.0025025012503124,
  "Delta": 0.05151245135031246,
  "step": 5,
  "firma": {
    "2": 1,
    "293": 1
  }
}