{
  "K": 0.9043820750088043,
  "Phi": 1.0050112650131324,
  "Delta": 0.10062919000432813,
  "step": 10,
  "firma": {
    "2": 1,
    "3": 1,
    "5": 2,
    "7": 1
  }
}