{
  "K": 0.8179069375972307,
  "Phi": 1.0100476428032965,
  "Delta": 0.19214070520606585,
  "step": 20,
  "firma": {
    "19": 1,
    "101": 1
  }
}